[
  {
    "name": "Iron Rooster - College Park",
    "address": "7777 Baltimore Ave, College Park, MD  20740, United States",
    "location": { "lat": 38.9869586, "lon": -76.935151 },
    "category": "Restaurant",
    "category2": "Eating"
  },
  {
    "name": "GrillMarx Steakhouse & Raw Bar",
    "address": "7777 Baltimore Ave, College Park, MD  20740, United States",
    "location": { "lat": 38.9869586, "lon": -76.935151 },
    "category": "Restaurant",
    "category2": "Eating"
  },
  {
    "name": "The Hall CP",
    "address": "4656 Hotel Drive, College Park, MD 20742, United States",
    "location": { "lat": 38.9861878, "lon": -76.9336134 },
    "category": "Restaurant",
    "category2": "Eating"
  },
  {
    "name": "Wasabi Bistro Japanese Food & Bubble Tea",
    "address": "4505 College Ave, College Park, MD  20740, United States",
    "location": { "lat": 38.9818553, "lon": -76.9373256 },
    "category": "Restaurant",
    "category2": "Japanese food"
  },
  {
    "name": "Qù Japan",
    "address": "7406 Baltimore Ave, College Park, MD  20740, United States",
    "location": { "lat": 38.9811565, "lon": -76.9380815 },
    "category": "Restaurant",
    "category2": "Japanese food"
  },
  {
    "name": "Marathon Deli",
    "address": "4429 Lehigh Rd, College Park, MD  20740, United States",
    "location": { "lat": 38.9811446, "lon": -76.9380934 },
    "category": "Restaurant",
    "category2": "Eating"
  },
  {
    "name": "College Park Shopping Center",
    "address": "7370 Baltimore Ave, College Park, MD  20740, United States",
    "location": { "lat": 38.9806676, "lon": -76.9390872 },
    "category": "Store",
    "category2": "shopping"
  },
  {
    "name": "Eastern Gourmet",
    "address": "8150 Baltimore Ave, Ste D, College Park, MD  20740, United States",
    "location": { "lat": 38.9911763, "lon": -76.9340584 },
    "category": "Restaurant",
    "category2": "Eating"
  },
  {
    "name": "The Spot Mini",
    "address": "4207 Knox Rd, College Park, MD  20740, United States",
    "location": { "lat": 38.9810829, "lon": -76.9426016 },
    "category": "Restaurant",
    "category2": "Japanese food"
  },
  {
    "name": "Bandit Taco",
    "address": "4426 Calvert Rd\nMaryland, MD  20740\nUnited States",
    "location": { "lat": 38.9786667, "lon": -76.9381931 },
    "category": "Restaurant",
    "category2": "Eating"
  },
  {
    "name": "Roots Natural Kitchen",
    "address": "4420 Calvert Rd, College Park, MD  20740, United States",
    "location": { "lat": 38.9786754, "lon": -76.9385314 },
    "category": "Restaurant",
    "category2": "Eating"
  },
  {
    "name": "Adele H. Stamp Student Union",
    "address": "3972 Campus Dr, College Park, MD  20742, United States",
    "location": { "lat": 38.9880809, "lon": -76.9448787 },
    "category": "University",
    "category2": "Arcade"
  },
  {
    "name": "Lakeland Park",
    "address": "4901 Lakeland Rd, College Park, MD 20740, United States",
    "location": { "lat": 38.9885604, "lon": -76.9299066 },
    "category": "Park",
    "category2": "Parks"
  },
  {
    "name": "MeatUp Korean BBQ & Bar",
    "address": "8503 Baltimore Ave, College Park, MD  20740, United States",
    "location": { "lat": 38.9948577, "lon": -76.9319577 },
    "category": "Restaurant",
    "category2": "Eating"
  },
  {
    "name": "Onikama Ramen Bar",
    "address": "3711 Campus Dr, College Park, MD  20740, United States",
    "location": { "lat": 38.9840987, "lon": -76.9493794 },
    "category": "Restaurant",
    "category2": "Japanese food"
  },
  {
    "name": "Acredale Community Park",
    "address": "4300 Metzerott Rd, College Park, MD  20740, United States",
    "location": { "lat": 38.9993807, "lon": -76.9339978 },
    "category": "Park",
    "category2": "Parks"
  },
  {
    "name": "Tacos A La Madre",
    "address": "5010 Berwyn Rd, College Park, MD  20740, United States",
    "location": { "lat": 38.9948437, "lon": -76.9258524 },
    "category": "Restaurant",
    "category2": "Eating"
  },
  {
    "name": "Lake Artemesia Natural Area",
    "address": "Berywyn Rd & 55th Ave, Berwyn Heights, MD 20740, United States",
    "location": { "lat": 38.9863687, "lon": -76.922641 },
    "category": "Park",
    "category2": "Parks"
  },
  {
    "name": "Horu Sushi Kitchen",
    "address": "4407 Woodberry St, Riverdale, MD 20737, United States",
    "location": { "lat": 38.970507, "lon": -76.936748 },
    "category": "Restaurant",
    "category2": "Japanese food"
  },
  {
    "name": "College Park Aviation Museum",
    "address": "1985 Corporal Frank Scott Dr, College Park, MD 20740, United States",
    "location": { "lat": 38.9788133, "lon": -76.9222505 },
    "category": "Museum",
    "category2": "Museums"
  },
  {
    "name": "Krazi Kebob",
    "address": "5110 Roanoke Pl, Unit 102, College Park, MD  20740, United States",
    "location": { "lat": 38.9947098, "lon": -76.9225145 },
    "category": "Restaurant",
    "category2": "Indian food"
  },
  {
    "name": "Sushinado & Teriyaki",
    "address": "6450 America Blvd, Unit 103, Hyattsville, MD  20782, United States",
    "location": { "lat": 38.9677584, "lon": -76.9522842 },
    "category": "Restaurant",
    "category2": "Japanese food"
  },
  {
    "name": "University Hills Duck Pond Park",
    "address": "3400 Stanford St, Hyattsville, MD  20783, United States",
    "location": { "lat": 38.9832199, "lon": -76.9614301 },
    "category": "Park",
    "category2": "Parks"
  },
  {
    "name": "The Shoppes At Metro Station",
    "address": "6211 Belcrest Rd, Hyattsville, MD  20782, United States",
    "location": { "lat": 38.9655546, "lon": -76.9532033 },
    "category": "Store",
    "category2": "shopping"
  },
  {
    "name": "Mall at Prince George's",
    "address": "3500 East West Hwy, Hyattsville, MD 20782, United States",
    "location": { "lat": 38.9683307, "lon": -76.9574207 },
    "category": "Store",
    "category2": "shopping"
  },
  {
    "name": "Taqueria Los Perez",
    "address": "5803 Baltimore Ave, Riverdale Park, MD 20737, United States",
    "location": { "lat": 38.9587754, "lon": -76.9395923 },
    "category": "Restaurant",
    "category2": "Eating"
  },
  {
    "name": "Spice 6 Modern Indian",
    "address": "5501 Baltimore Ave, Unit 107, Hyattsville, MD 20781, United States",
    "location": { "lat": 38.955408, "lon": -76.9393447 },
    "category": "Restaurant",
    "category2": "Indian food"
  },
  {
    "name": "EZ Kabob",
    "address": "6106 Greenbelt Rd, Greenbelt, MD  20770, United States",
    "location": { "lat": 38.9995341, "lon": -76.9091138 },
    "category": "Restaurant",
    "category2": "Indian food"
  },
  {
    "name": "Super Japan Japanese Restaurant",
    "address": "6096 Greenbelt Rd, Greenbelt, MD  20770, United States",
    "location": { "lat": 38.9991254, "lon": -76.9086206 },
    "category": "Restaurant",
    "category2": "Japanese food"
  },
  {
    "name": "Beltway Plaza Mall",
    "address": "6000 Greenbelt Rd, Greenbelt, MD 20770, United States",
    "location": { "lat": 38.9994255, "lon": -76.908567 },
    "category": "Store",
    "category2": "shopping"
  },
  {
    "name": "Laugh Out Loud Stations MEGA Fun Center",
    "address": "6250 Greenbelt Rd, Greenbelt, MD  20770, United States",
    "location": { "lat": 39.0000933, "lon": -76.9061712 },
    "category": "Playground",
    "category2": "Arcade"
  },
  {
    "name": "Teriyaki express Japanese Grill",
    "address": "1425 University Blvd E, Hyattsville, MD  20783, United States",
    "location": { "lat": 38.9854885, "lon": -76.9830082 },
    "category": "Restaurant",
    "category2": "Japanese food"
  },
  {
    "name": "Greenbelt Park",
    "address": "6565 Greenbelt Rd, Greenbelt, MD 20770, United States",
    "location": { "lat": 38.9949465, "lon": -76.8923698 },
    "category": "NationalPark",
    "category2": "Parks"
  },
  {
    "name": "Mexico Lindo MXL Night Club",
    "address": "5652 Annapolis Rd, Bladensburg, MD  20710, United States",
    "location": { "lat": 38.9402097, "lon": -76.9190812 },
    "category": "Restaurant",
    "category2": "Night Clubs"
  },
  {
    "name": "Buddy Attick Lake Park",
    "address": "555 Crescent Rd, Greenbelt, MD  20770, United States",
    "location": { "lat": 39.0046366, "lon": -76.8886757 },
    "category": "Park",
    "category2": "Parks"
  },
  {
    "name": "Bladensburg Waterfront Park",
    "address": "4601 Annapolis Rd, Bladensburg, MD  20710, United States",
    "location": { "lat": 38.9334949, "lon": -76.9378265 },
    "category": "Park",
    "category2": "Parks"
  },
  {
    "name": "Kobe Japan Hibachi and Sushi",
    "address": "1163 University Blvd E, Takoma Park, MD  20912, United States",
    "location": { "lat": 38.9889565, "lon": -76.9897038 },
    "category": "Restaurant",
    "category2": "Japanese food"
  },
  {
    "name": "Chuck E. Cheese",
    "address": "1127 University Blvd E, Takoma Park, MD  20912, United States",
    "location": { "lat": 38.9893487, "lon": -76.9900026 },
    "category": "Restaurant",
    "category2": "Arcade"
  },
  {
    "name": "Jewel of India",
    "address": "10151 New Hampshire Ave, Silver Spring, MD  20903, United States",
    "location": { "lat": 39.0218927, "lon": -76.9762337 },
    "category": "Restaurant",
    "category2": "Indian food"
  },
  {
    "name": "Quickway Japanese Hibachi",
    "address": "6300 Annapolis Rd, Unit 7, Hyattsville, MD 20784, United States",
    "location": { "lat": 38.940117, "lon": -76.9066458 },
    "category": "Restaurant",
    "category2": "Japanese food"
  },
  {
    "name": "Hip Hop Fish & Chicken",
    "address": "5609 Sargent Rd, Hyattsville, MD  20782, United States",
    "location": { "lat": 38.9584731, "lon": -76.9854791 },
    "category": "Restaurant",
    "category2": "British food"
  },
  {
    "name": "Hip Hop Fish & Chicken",
    "address": "10961 Baltimore Ave, Beltsville, MD  20705, United States",
    "location": { "lat": 39.0335897, "lon": -76.9084566 },
    "category": "Restaurant",
    "category2": "British food"
  },
  {
    "name": "Greenway Shopping Center",
    "address": "7547 Greenbelt Rd, Greenbelt, MD  20770, United States",
    "location": { "lat": 38.9922394, "lon": -76.8786699 },
    "category": "Store",
    "category2": "shopping"
  },
  {
    "name": "Hip Hop Fish & Chicken",
    "address": "7524 Annapolis Rd, Hyattsville, MD  20784, United States",
    "location": { "lat": 38.9509075, "lon": -76.8867693 },
    "category": "Restaurant",
    "category2": "British food"
  },
  {
    "name": "Fort Lincoln Park",
    "address": "3229 Ft Lincoln Dr NE, Washington, DC  20018, United States",
    "location": { "lat": 38.9250471, "lon": -76.9585081 },
    "category": "Park",
    "category2": "Parks"
  },
  {
    "name": "Shops at Dakota Crossing",
    "address": "2438 Market St NE, Washington, DC  20018, United States",
    "location": { "lat": 38.9209262, "lon": -76.9525981 },
    "category": "Store",
    "category2": "shopping"
  },
  {
    "name": "Kenilworth Park & Aquatic Gardens",
    "address": "1550 Anacostia Ave NE, Washington, DC 20019, United States",
    "location": { "lat": 38.9126343, "lon": -76.9418185 },
    "category": "NationalPark",
    "category2": "Parks"
  },
  {
    "name": "Curry Place",
    "address": "11229 New Hampshire Ave, Silver Spring, MD  20904, United States",
    "location": { "lat": 39.0413545, "lon": -76.9883808 },
    "category": "Restaurant",
    "category2": "Indian food"
  },
  {
    "name": "Bay Street Night Club",
    "address": "5910 Princess Garden Pkwy, Lanham, MD  20706, United States",
    "location": { "lat": 38.961978, "lon": -76.864993 },
    "category": "Nightlife",
    "category2": "Night Clubs"
  },
  {
    "name": "Masala Story",
    "address": "3301 12th St NE, Washington, DC  20017, United States",
    "location": { "lat": 38.9307604, "lon": -76.9907479 },
    "category": "Restaurant",
    "category2": "Indian food"
  },
  {
    "name": "Hip Hop Fish & Chicken",
    "address": "8000 Martin Luther King Jr Hwy, Lanham, MD  20706, United States",
    "location": { "lat": 38.9323073, "lon": -76.86898 },
    "category": "Restaurant",
    "category2": "British food"
  },
  {
    "name": "Dave & Buster's",
    "address": "8661 Colesville Rd, Unit E102, Silver Spring, MD  20910, United States",
    "location": { "lat": 38.9970747, "lon": -77.0266661 },
    "category": "Nightlife",
    "category2": "Arcade"
  },
  {
    "name": "The Queen Vic British Pub",
    "address": "1206 H St NE, Washington, DC  20002, United States",
    "location": { "lat": 38.9004268, "lon": -76.9898665 },
    "category": "Nightlife",
    "category2": "British food"
  },
  {
    "name": "Indigo",
    "address": "243 K St NE, Washington, DC  20002, United States",
    "location": { "lat": 38.9022762, "lon": -77.0022404 },
    "category": "Restaurant",
    "category2": "Indian food"
  },
  {
    "name": "The Artemis",
    "address": "3605 14th St NW, Washington, DC 20016, United States",
    "location": { "lat": 38.93641, "lon": -77.0325288 },
    "category": "Nightlife",
    "category2": "British food"
  },
  {
    "name": "Elevate",
    "address": "15 K St NE, Washington, DC  20002, United States",
    "location": { "lat": 38.90231, "lon": -77.0078516 },
    "category": "Nightlife",
    "category2": "Night Clubs"
  },
  {
    "name": "DC9 Nightclub",
    "address": "1940 Ninth St NW, Washington, DC  20001, United States",
    "location": { "lat": 38.9167164, "lon": -77.0241137 },
    "category": "MusicVenue",
    "category2": "Night Clubs"
  },
  {
    "name": "Rock Creek Park",
    "address": "5200 Glover Rd NW, Washington, DC  20015, United States",
    "location": { "lat": 38.9553677, "lon": -77.0488546 },
    "category": "NationalPark",
    "category2": "Parks"
  },
  {
    "name": "Cloakroom",
    "address": "476 K St NW, Washington, DC  20001, United States",
    "location": { "lat": 38.9022469, "lon": -77.0186439 },
    "category": "Night Clubs",
    "category2": "Night Clubs"
  },
  {
    "name": "The Little Gay Pub",
    "address": "1100 P St NW, Washington, DC 20001, United States",
    "location": { "lat": 38.9095139, "lon": -77.0273898 },
    "category": "Nightlife",
    "category2": "Night Clubs"
  },
  {
    "name": "Spice 6 Modern Indian",
    "address": "740 6th St NW, Washington, DC  20001, United States",
    "location": { "lat": 38.8994274, "lon": -77.0202517 },
    "category": "Restaurant",
    "category2": "Indian food"
  },
  {
    "name": "Player's Club",
    "address": "1400 14th St NW, Washington, DC  20005, United States",
    "location": { "lat": 38.9090013, "lon": -77.0322275 },
    "category": "Nightlife",
    "category2": "Arcade"
  },
  {
    "name": "Museum of Illusions",
    "address": "927 H St NW, Washington, DC 20001, United States",
    "location": { "lat": 38.9000056, "lon": -77.0245797 },
    "category": "Museum",
    "category2": "Museums"
  },
  {
    "name": "CityCenterDC",
    "address": "825 Tenth St NW, Washington, DC 20001, United States",
    "location": { "lat": 38.9004601, "lon": -77.0255113 },
    "category": "Store",
    "category2": "shopping"
  },
  {
    "name": "Rasika",
    "address": "633 D St NW, Washington, DC  20004, United States",
    "location": { "lat": 38.8949492, "lon": -77.0213002 },
    "category": "Restaurant",
    "category2": "Indian food"
  },
  {
    "name": "Penn Social",
    "address": "801 E St NW, Washington, DC  20004, United States",
    "location": { "lat": 38.8963137, "lon": -77.0231366 },
    "category": "Nightlife",
    "category2": "Arcade"
  },
  {
    "name": "Ultrabar",
    "address": "911 F Street NW, Washington, DC 20004, United States",
    "location": { "lat": 38.8975711, "lon": -77.0247549 },
    "category": "Nightlife",
    "category2": "Night Clubs"
  },
  {
    "name": "National Gallery of Art",
    "address": "6th and Constitution Ave NW, Washington, DC 20565, United States",
    "location": { "lat": 38.8912666, "lon": -77.0199215 },
    "category": "Landmark",
    "category2": "Museums"
  },
  {
    "name": "National Air and Space Museum",
    "address": "6th Street and Independence Ave SW, Washington, DC 20560, United States",
    "location": { "lat": 38.8878678, "lon": -77.0197713 },
    "category": "Museum",
    "category2": "Museums"
  },
  {
    "name": "Elephant & Castle",
    "address": "1201 Pennsylvania Ave NW, Washington, DC  20004, United States",
    "location": { "lat": 38.8957756, "lon": -77.028415 },
    "category": "Restaurant",
    "category2": "British food"
  },
  {
    "name": "Westfield Wheaton",
    "address": "11160 Veirs Mill Rd, Wheaton, MD 20902, United States",
    "location": { "lat": 39.0371255, "lon": -77.0552752 },
    "category": "Store",
    "category2": "shopping"
  },
  {
    "name": "Museum of the Bible",
    "address": "400 Fourth St SW, Washington, DC 20024, United States",
    "location": { "lat": 38.8847886, "lon": -77.0169894 },
    "category": "Museum",
    "category2": "Museums"
  },
  {
    "name": "National Museum of Natural History",
    "address": "10th St & Constitution Ave NW, Washington, DC 20560, United States",
    "location": { "lat": 38.891278, "lon": -77.025933 },
    "category": "Landmark",
    "category2": "Museums"
  },
  {
    "name": "Laurel Lake",
    "address": "Laurel, MD, United States",
    "location": { "lat": 39.0911092, "lon": -76.8608397 },
    "category": "Beach",
    "category2": "Beach"
  },
  {
    "name": "National Children's Museum",
    "address": "1300 Pennsylvania Ave NW, Washington, DC  20004, United States",
    "location": { "lat": 38.8943313, "lon": -77.0301515 },
    "category": "Museum",
    "category2": "Museums"
  },
  {
    "name": "Across The Pond",
    "address": "1732 Connecticut Ave NW, Washington, DC  20009, United States",
    "location": { "lat": 38.9136053, "lon": -77.0460677 },
    "category": "Nightlife",
    "category2": "British food"
  },
  {
    "name": "Abigail",
    "address": "1730 M St NW, Washington, DC  20036, United States",
    "location": { "lat": 38.905435, "lon": -77.040188 },
    "category": "Nightlife",
    "category2": "Night Clubs"
  },
  {
    "name": "Decades",
    "address": "1219 Connecticut Avenue NW, Washington, DC 20036, United States",
    "location": { "lat": 38.906513, "lon": -77.04126 },
    "category": "Nightlife",
    "category2": "Night Clubs"
  },
  {
    "name": "National Museum of American History",
    "address": "1300 Constitution Ave NW\nWashington, DC 20560\nUnited States",
    "location": { "lat": 38.8911255, "lon": -77.0302535 },
    "category": "Museum",
    "category2": "Museums"
  },
  {
    "name": "Spy Museum",
    "address": "700 L'Enfant Plaza SW, Washington, DC  20024, United States",
    "location": { "lat": 38.8839761, "lon": -77.0254362 },
    "category": "Museum",
    "category2": "Museums"
  },
  {
    "name": "Rasika",
    "address": "1190 New Hampshire Ave NW, Washington, DC  20037, United States",
    "location": { "lat": 38.9050889, "lon": -77.0479623 },
    "category": "Restaurant",
    "category2": "Indian food"
  },
  {
    "name": "Artechouse",
    "address": "1238 Maryland Ave SW, Washington, DC  20024, United States",
    "location": { "lat": 38.8839544, "lon": -77.0292483 },
    "category": "Museum",
    "category2": "Museums"
  },
  {
    "name": "Gordon Ramsay Fish & Chips",
    "address": "665 Wharf St SW, Ste 730, Washington, DC  20024, United States",
    "location": { "lat": 38.8775368, "lon": -77.0228344 },
    "category": "Restaurant",
    "category2": "British food"
  },
  {
    "name": "The Brighton SW1",
    "address": "949 Wharf St SW, Washington, DC  20024, United States",
    "location": { "lat": 38.8801253, "lon": -77.0260705 },
    "category": "Nightlife",
    "category2": "British food"
  },
  {
    "name": "Boardwalk Bar & Arcade",
    "address": "715 Wharf St SW, Washington, DC  20024, United States",
    "location": { "lat": 38.8784704, "lon": -77.0240762 },
    "category": "Nightlife",
    "category2": "Arcade"
  },
  {
    "name": "Tidal Basin",
    "address": "Washington, DC, United States",
    "location": { "lat": 38.8843354, "lon": -77.0391112 },
    "category": "Beach",
    "category2": "Beach"
  },
  {
    "name": "Vr Zone Dc",
    "address": "2300 Wisconsin Ave NW, Unit G - 101, Washington, DC 20007, United States",
    "location": { "lat": 38.9201458, "lon": -77.0719399 },
    "category": "Arcade",
    "category2": "Arcade"
  },
  {
    "name": "Dave & Buster's",
    "address": "1851 Ritchie Station Ct, Capitol Heights, MD  20743, United States",
    "location": { "lat": 38.8636088, "lon": -76.8496569 },
    "category": "Nightlife",
    "category2": "Arcade"
  },
  {
    "name": "Fashion Centre at Pentagon City",
    "address": "1100 S Hayes St, Arlington, VA  22202, United States",
    "location": { "lat": 38.8632295, "lon": -77.0609432 },
    "category": "Store",
    "category2": "shopping"
  },
  {
    "name": "Flirt Lounge",
    "address": "542 23rd St S, Arlington, VA  22202, United States",
    "location": { "lat": 38.8531523, "lon": -77.0546293 },
    "category": "Nightlife",
    "category2": "Night Clubs"
  },
  {
    "name": "Bowie Town Center",
    "address": "15606 Emerald Way, Bowie, MD  20716, United States",
    "location": { "lat": 38.9442596, "lon": -76.7347193 },
    "category": "Store",
    "category2": "shopping"
  },
  {
    "name": "GameOn bar+arcade",
    "address": "6000 Merriweather Dr, Columbia, MD  21044, United States",
    "location": { "lat": 39.206706, "lon": -76.8625447 },
    "category": "Nightlife",
    "category2": "Arcade"
  },
  {
    "name": "Foothill St",
    "address": "Foothill St, Woodbridge, VA  22192, United States",
    "location": { "lat": 38.691924520977786, "lon": -77.3075897230227 },
    "category": "Football",
    "category2": "Football"
  },
  {
    "name": "Highland Beach",
    "address": "1469 Chesapeake Ave, Annapolis, MD  21403, United States",
    "location": { "lat": 38.9307293, "lon": -76.4641652 },
    "category": "Beach",
    "category2": "Beach"
  },
  {
    "name": "North Beach",
    "address": "9023 Bay Ave, North Beach, MD 20714, United States",
    "location": { "lat": 38.7068436, "lon": -76.5313624 },
    "category": "Beach",
    "category2": "Beach"
  },
  {
    "name": "Breezy Point Beach & Campground",
    "address": "5300 Breezy Point Rd, Chesapeake Beach, MD 20732, United States",
    "location": { "lat": 38.6193274, "lon": -76.5135538 },
    "category": "Campground",
    "category2": "Beach"
  },
  {
    "name": "Matapeake Clubhouse and Public Beach",
    "address": "1112 Romancoke Rd, Stevensville, MD  21666, United States",
    "location": { "lat": 38.95676, "lon": -76.353634 },
    "category": "Beach",
    "category2": "Beach"
  },
  {
    "name": "Rocky Point Park And Beach",
    "address": "2200 Rocky Point Rd, Essex, MD  21221, United States",
    "location": { "lat": 39.251869, "lon": -76.404434 },
    "category": "Beach",
    "category2": "Beach"
  },
  {
    "name": "Gunpowder Falls State Park – Hammerman Beach",
    "address": "7200 Graces Quarters Rd, Middle River, MD 21220, United States",
    "location": { "lat": 39.3639826, "lon": -76.3398099 },
    "category": "Beach",
    "category2": "Beach"
  },
  {
    "name": "Colonial Beach",
    "address": "315 Douglas Ave, Colonial Beach, VA  22443, United States",
    "location": { "lat": 38.2546866, "lon": -76.9614279 },
    "category": "Beach",
    "category2": "Beach"
  },
  {
    "name": "Woodland Beach",
    "address": "100 Beach Ave, Smyrna, DE  19977, United States",
    "location": { "lat": 39.331866, "lon": -75.4716325 },
    "category": "Beach",
    "category2": "Beach"
  }
]
